"Mod name","Registry name","Item ID","Display name","Tags"
"Abnormals Delight","abnormals_delight:necromium_knife",16890,"Necromium Knife","caverns_and_chasms:necromium_gear, farmersdelight:straw_harvesters, farmersdelight:tools/knives, forge:tools, forge:tools/knives"
"Abnormals Delight","abnormals_delight:silver_knife",16889,"Silver Knife","caverns_and_chasms:affliction_items, caverns_and_chasms:silver_gear, farmersdelight:straw_harvesters, farmersdelight:tools/knives, forge:tools, forge:tools/knives"
"Additional Lights","additional_lights:soul_wand",4238,"Soul Wand",""
"Advanced Peripherals","advancedperipherals:ar_goggles",8313,"AR Goggles","curios:glasses"
"Alex's Mobs","alexsmobs:blood_sprayer",8849,"Blood Sprayer",""
"Alex's Mobs","alexsmobs:centipede_leggings",8862,"Cave Centipede Leggings",""
"Alex's Mobs","alexsmobs:crocodile_chestplate",8842,"Crocodile Chestplate",""
"Alex's Mobs","alexsmobs:dimensional_carver",8921,"Dimensional Carver",""
"Alex's Mobs","alexsmobs:echolocator",8906,"Echolocator",""
"Alex's Mobs","alexsmobs:emu_leggings",8896,"Outback Leggings",""
"Alex's Mobs","alexsmobs:endolocator",8907,"Endolocator",""
"Alex's Mobs","alexsmobs:fedora",8898,"Fedora",""
"Alex's Mobs","alexsmobs:frontier_cap",8870,"Frontiersman's Cap",""
"Alex's Mobs","alexsmobs:hemolymph_blaster",8888,"Hemolymph Blaster",""
"Alex's Mobs","alexsmobs:moose_headgear",8865,"Antler Headdress",""
"Alex's Mobs","alexsmobs:pocket_sand",8885,"Pocket of Sand",""
"Alex's Mobs","alexsmobs:roadrunner_boots",8837,"Roadrunner Boots",""
"Alex's Mobs","alexsmobs:shield_of_the_deep",8924,"Shield Of The Deep",""
"Alex's Mobs","alexsmobs:sombrero",8875,"Sombrero",""
"Alex's Mobs","alexsmobs:spiked_turtle_shell",8882,"Spiked Turtle Shell",""
"Alex's Mobs","alexsmobs:straddleboard",8892,"Straddleboard",""
"Alex's Mobs","alexsmobs:tarantula_hawk_elytra",8917,"Tarantula Hawk Elytra",""
"Aquamirae","ob_aquamirae:dagger_of_greed",3259,"§eDagger of Greed",""
"Aquamirae","ob_aquamirae:fin_cutter",3258,"Fin Cutter",""
"Aquamirae","ob_aquamirae:poisoned_blade",3256,"Poisoned Blade",""
"Aquamirae","ob_aquamirae:remnants_saber",3260,"Remnant's Saber",""
"Aquamirae","ob_aquamirae:terrible_armor_boots",3253,"Terrible Boots","forge:terrible_armor"
"Aquamirae","ob_aquamirae:terrible_armor_chestplate",3251,"Terrible Chestplate","forge:chestplate, forge:terrible_armor"
"Aquamirae","ob_aquamirae:terrible_armor_helmet",3250,"Terrible Helmet","forge:terrible_armor"
"Aquamirae","ob_aquamirae:terrible_armor_leggings",3252,"Terrible Leggings","forge:terrible_armor"
"Aquamirae","ob_aquamirae:terrible_sword",3257,"Terrible Sword",""
"Aquamirae","ob_aquamirae:three_bolt_chestplate",3255,"Three Bolt Suit","forge:chestplate"
"Aquamirae","ob_aquamirae:three_bolt_helmet",3254,"Three Bolt Helmet",""
"Ars Nouveau","ars_nouveau:apprentice_boots",13449,"Mage Boots",""
"Ars Nouveau","ars_nouveau:apprentice_hood",13452,"Mage Hood",""
"Ars Nouveau","ars_nouveau:apprentice_leggings",13450,"Mage Leggings",""
"Ars Nouveau","ars_nouveau:apprentice_robes",13451,"Mage Robes",""
"Ars Nouveau","ars_nouveau:archmage_boots",13453,"Archmage Boots",""
"Ars Nouveau","ars_nouveau:archmage_hood",13456,"Archmage Hood",""
"Ars Nouveau","ars_nouveau:archmage_leggings",13454,"Archmage Leggings",""
"Ars Nouveau","ars_nouveau:archmage_robes",13455,"Archmage Robes",""
"Ars Nouveau","ars_nouveau:enchanters_shield",13495,"Enchanter's Shield",""
"Ars Nouveau","ars_nouveau:enchanters_sword",13496,"Enchanter's Sword",""
"Ars Nouveau","ars_nouveau:novice_boots",13445,"Novice Boots",""
"Ars Nouveau","ars_nouveau:novice_hood",13448,"Novice Hood",""
"Ars Nouveau","ars_nouveau:novice_leggings",13446,"Novice Leggings",""
"Ars Nouveau","ars_nouveau:novice_robes",13447,"Novice Robes",""
"Ars Nouveau","ars_nouveau:runic_chalk",13431,"Runic Chalk",""
"Astral Sorcery","astralsorcery:chisel",8207,"Starmetal Cutting Tool",""
"Astral Sorcery","astralsorcery:crystal_axe",8194,"Crystal Axe",""
"Astral Sorcery","astralsorcery:crystal_pickaxe",8195,"Crystal Pickaxe",""
"Astral Sorcery","astralsorcery:crystal_shovel",8196,"Crystal Shovel",""
"Astral Sorcery","astralsorcery:crystal_sword",8197,"Crystal Sword",""
"Astral Sorcery","astralsorcery:infused_crystal_axe",8198,"Infused Crystal Axe",""
"Astral Sorcery","astralsorcery:infused_crystal_pickaxe",8199,"Infused Crystal Pickaxe",""
"Astral Sorcery","astralsorcery:infused_crystal_shovel",8200,"Infused Crystal Shovel",""
"Astral Sorcery","astralsorcery:infused_crystal_sword",8201,"Infused Crystal Sword",""
"Astral Sorcery","astralsorcery:infused_glass",8216,"Infused Glass",""
"Astral Sorcery","astralsorcery:mantle",8217,"Mantle of Stars",""
"Autumnity","autumnity:snail_shell_chestplate",15027,"Snail Shell Chestplate",""
"Better Animals Plus","betteranimalsplus:bear_cape_black",16304,"Bear Cape (Black)","curios:back"
"Better Animals Plus","betteranimalsplus:bear_cape_brown",16303,"Bear Cape (Brown)","curios:back"
"Better Animals Plus","betteranimalsplus:bear_cape_kermode",16305,"Bear Cape (Kermode)","curios:back"
"Better Animals Plus","betteranimalsplus:wolf_cape_arctic",16297,"Wolf Cape (Arctic)","curios:back"
"Better Animals Plus","betteranimalsplus:wolf_cape_black",16296,"Wolf Cape (Black)","curios:back"
"Better Animals Plus","betteranimalsplus:wolf_cape_brown",16298,"Wolf Cape (Brown)","curios:back"
"Better Animals Plus","betteranimalsplus:wolf_cape_classic",16294,"Wolf Cape (Classic)","curios:back"
"Better Animals Plus","betteranimalsplus:wolf_cape_red",16299,"Wolf Cape (Red)","curios:back"
"Better Animals Plus","betteranimalsplus:wolf_cape_timber",16295,"Wolf Cape (Timber)","curios:back"
"BetterEnd Forge","betterendforge:aeternium_axe",2368,"Aeternium Axe",""
"BetterEnd Forge","betterendforge:aeternium_boots",2360,"Aeternium Boots",""
"BetterEnd Forge","betterendforge:aeternium_chestplate",2358,"Aeternium Chestplate",""
"BetterEnd Forge","betterendforge:aeternium_hammer",2370,"Aeternium Smith Hammer","betterendforge:hammers"
"BetterEnd Forge","betterendforge:aeternium_helmet",2357,"Aeternium Helmet",""
"BetterEnd Forge","betterendforge:aeternium_hoe",2369,"Aeternium Hoe",""
"BetterEnd Forge","betterendforge:aeternium_leggings",2359,"Aeternium Leggings",""
"BetterEnd Forge","betterendforge:aeternium_pickaxe",2367,"Aeternium Pickaxe",""
"BetterEnd Forge","betterendforge:aeternium_shovel",2366,"Aeternium Shovel",""
"BetterEnd Forge","betterendforge:aeternium_sword",2365,"Aeternium Sword",""
"BetterEnd Forge","betterendforge:crystalite_boots",2364,"Crystalite Boots",""
"BetterEnd Forge","betterendforge:crystalite_chestplate",2362,"Crystalite Chestplate",""
"BetterEnd Forge","betterendforge:crystalite_helmet",2361,"Crystalite Helmet",""
"BetterEnd Forge","betterendforge:crystalite_leggings",2363,"Crystalite Leggings",""
"BetterEnd Forge","betterendforge:diamond_hammer",2373,"Diamond Smith Hammer","betterendforge:hammers"
"BetterEnd Forge","betterendforge:golden_hammer",2372,"Golden Smith Hammer","betterendforge:hammers, minecraft:piglin_loved"
"BetterEnd Forge","betterendforge:iron_hammer",2371,"Iron Smith Hammer","betterendforge:hammers"
"BetterEnd Forge","betterendforge:netherite_hammer",2374,"Netherite Smith Hammer","betterendforge:hammers"
"BetterEnd Forge","betterendforge:terminite_axe",2918,"Terminite Axe",""
"BetterEnd Forge","betterendforge:terminite_boots",2924,"Terminite Boots",""
"BetterEnd Forge","betterendforge:terminite_chestplate",2922,"Terminite Chestplate",""
"BetterEnd Forge","betterendforge:terminite_hammer",2920,"Terminite Smith Hammer","betterendforge:hammers"
"BetterEnd Forge","betterendforge:terminite_helmet",2921,"Terminite Helmet",""
"BetterEnd Forge","betterendforge:terminite_hoe",2919,"Terminite Hoe",""
"BetterEnd Forge","betterendforge:terminite_leggings",2923,"Terminite Leggings",""
"BetterEnd Forge","betterendforge:terminite_pickaxe",2917,"Terminite Pickaxe",""
"BetterEnd Forge","betterendforge:terminite_shovel",2915,"Terminite Shovel",""
"BetterEnd Forge","betterendforge:terminite_sword",2916,"Terminite Sword",""
"BetterEnd Forge","betterendforge:thallasium_axe",2872,"Thallasium Axe",""
"BetterEnd Forge","betterendforge:thallasium_boots",2878,"Thallasium Boots",""
"BetterEnd Forge","betterendforge:thallasium_chestplate",2876,"Thallasium Chestplate",""
"BetterEnd Forge","betterendforge:thallasium_hammer",2874,"Thallasium Smith Hammer","betterendforge:hammers"
"BetterEnd Forge","betterendforge:thallasium_helmet",2875,"Thallasium Helmet",""
"BetterEnd Forge","betterendforge:thallasium_hoe",2873,"Thallasium Hoe",""
"BetterEnd Forge","betterendforge:thallasium_leggings",2877,"Thallasium Leggings",""
"BetterEnd Forge","betterendforge:thallasium_pickaxe",2871,"Thallasium Pickaxe",""
"BetterEnd Forge","betterendforge:thallasium_shovel",2869,"Thallasium Shovel",""
"BetterEnd Forge","betterendforge:thallasium_sword",2870,"Thallasium Sword",""
"Blood Magic","bloodmagic:airscribetool",16710,"Inscription Tool: Air","bloodmagic:arc/sieve, bloodmagic:arc/tool"
"Blood Magic","bloodmagic:arcaneashes",16696,"Arcane Ashes",""
"Blood Magic","bloodmagic:basiccuttingfluid",16754,"Basic Cutting Fluid","bloodmagic:arc/cuttingfluid, bloodmagic:arc/tool"
"Blood Magic","bloodmagic:crystalline_resonator",16753,"Crystalline Resonator","bloodmagic:arc/resonator, bloodmagic:arc/tool"
"Blood Magic","bloodmagic:duskscribetool",16714,"Inscription Tool: Dusk",""
"Blood Magic","bloodmagic:earthscribetool",16713,"Inscription Tool: Earth",""
"Blood Magic","bloodmagic:explosivepowder",16756,"Explosive Powder","bloodmagic:arc/explosive, bloodmagic:arc/tool"
"Blood Magic","bloodmagic:firescribetool",16711,"Inscription Tool: Fire",""
"Blood Magic","bloodmagic:furnacecell_primitive",16749,"Primitive Fuel Cell","bloodmagic:arc/furnace, bloodmagic:arc/tool"
"Blood Magic","bloodmagic:intermediatecuttingfluid",16755,"Intermediate Cutting Fluid","bloodmagic:arc/cuttingfluid, bloodmagic:arc/tool"
"Blood Magic","bloodmagic:livingboots",16704,"Living Boots",""
"Blood Magic","bloodmagic:livinghelmet",16701,"Living Helmet",""
"Blood Magic","bloodmagic:livingleggings",16703,"Living Leggings",""
"Blood Magic","bloodmagic:livingplate",16702,"Living Chestplate",""
"Blood Magic","bloodmagic:primitive_crystalline_resonator",16752,"Primitive Resonator","bloodmagic:arc/resonator, bloodmagic:arc/tool"
"Blood Magic","bloodmagic:primitive_explosive_cell",16750,"Primitive Explosive Cell","bloodmagic:arc/explosive, bloodmagic:arc/tool"
"Blood Magic","bloodmagic:primitive_hydration_cell",16751,"Primitive Hydration Cell","bloodmagic:arc/hydrate, bloodmagic:arc/tool"
"Blood Magic","bloodmagic:sanguinereverter",16748,"Sanguine Reverter","bloodmagic:arc/reverter, bloodmagic:arc/tool"
"Blood Magic","bloodmagic:soulaxe",16599,"Sentient Axe","forge:axes"
"Blood Magic","bloodmagic:soulpickaxe",16600,"Sentient Pickaxe","forge:pickaxes"
"Blood Magic","bloodmagic:soulscythe",16602,"Sentient Scythe","forge:hoes"
"Blood Magic","bloodmagic:soulshovel",16601,"Sentient Shovel","forge:shovels"
"Blood Magic","bloodmagic:soulsword",16598,"Sentient Sword","forge:swords"
"Blood Magic","bloodmagic:waterscribetool",16712,"Inscription Tool: Water",""
"Create","create:diving_boots",15266,"Diving Boots",""
"Create","create:diving_helmet",15265,"Diving Helmet",""
"Create","create:extendo_grip",15257,"Extendo Grip","farmersdelight:offhand_equipment"
"Create","create:potato_cannon",15256,"Potato Cannon",""
"Create","create:red_sand_paper",15249,"Red Sand Paper","create:sandpaper"
"Create","create:sand_paper",15248,"Sand Paper","create:sandpaper"
"Create","create:super_glue",15241,"Super Glue",""
"Create Confectionery","create_confectionery:full_black_chocolate_bar",16359,"Full Black Chocolate Bar",""
"Create Confectionery","create_confectionery:full_chocolate_bar",16358,"Full Chocolate Bar",""
"Create Confectionery","create_confectionery:full_ruby_chocolate_bar",16361,"Full Ruby Chocolate Bar",""
"Create Confectionery","create_confectionery:full_white_chocolate_bar",16360,"Full White Chocolate Bar",""
"Create Crafts & Additions","createaddition:diamond_grit_sandpaper",17836,"Diamond Grit Sandpaper","create:sandpaper"
"Create Plus","createplus:goggle_chainmail_helmet",11945,"Chain Goggle Helmet",""
"Create Plus","createplus:goggle_diamond_helmet",11946,"Diamond Goggle Helmet",""
"Create Plus","createplus:goggle_golden_helmet",11947,"Golden Goggle Helmet","minecraft:piglin_loved"
"Create Plus","createplus:goggle_iron_helmet",11948,"Iron Goggle Helmet",""
"Create Plus","createplus:goggle_leather_helmet",11949,"Leather Goggle Helmet",""
"Create Plus","createplus:goggle_netherite_helmet",11951,"Netherite Goggle Helmet",""
"Create Plus","createplus:goggle_turtle_helmet",11950,"Turtle Goggle Helmet",""
"Curios API","curios:crown",3585,"Curious Crown","curios:head"
"Eidolon","eidolon:bonechill_wand",8450,"Bonechill Wand",""
"Eidolon","eidolon:cleaving_axe",8438,"Axe of Cleaving",""
"Eidolon","eidolon:reaper_scythe",8437,"Reaper's Scythe",""
"Eidolon","eidolon:reversal_pick",8444,"Pickaxe of Inversion",""
"Eidolon","eidolon:sapping_sword",8447,"Sword of Sapping",""
"Eidolon","eidolon:soulfire_wand",8449,"Soulfire Wand",""
"Eidolon","eidolon:top_hat",8423,"Top Hat",""
"Eidolon","eidolon:warlock_boots",8443,"Warlock's Boots",""
"Eidolon","eidolon:warlock_cloak",8442,"Warlock's Cloak",""
"Eidolon","eidolon:warlock_hat",8441,"Warlock's Hat",""
"Emendatus Enigmatica","emendatusenigmatica:enigmatic_hammer",5023,"Enigmatic Hammer",""
"Environmental","environmental:architect_belt",14332,"Architect's Belt",""
"Environmental","environmental:healer_pouch",14331,"Healer's Pouch",""
"Environmental","environmental:thief_hood",14330,"Thief's Hood",""
"Environmental","environmental:wanderer_boots",14333,"Wanderer's Boots",""
"Environmental","environmental:yak_pants",14351,"Yak Pants",""
"Farmer's Delight","farmersdelight:diamond_knife",12002,"Diamond Knife","farmersdelight:straw_harvesters, farmersdelight:tools/knives, forge:tools, forge:tools/knives"
"Farmer's Delight","farmersdelight:flint_knife",12000,"Flint Knife","farmersdelight:straw_harvesters, farmersdelight:tools/knives, forge:tools, forge:tools/knives"
"Farmer's Delight","farmersdelight:golden_knife",12004,"Golden Knife","caverns_and_chasms:experience_boost_items, farmersdelight:straw_harvesters, farmersdelight:tools/knives, forge:tools, forge:tools/knives, minecraft:piglin_loved"
"Farmer's Delight","farmersdelight:iron_knife",12001,"Iron Knife","farmersdelight:straw_harvesters, farmersdelight:tools/knives, forge:tools, forge:tools/knives"
"Farmer's Delight","farmersdelight:netherite_knife",12003,"Netherite Knife","farmersdelight:straw_harvesters, farmersdelight:tools/knives, forge:tools, forge:tools/knives, nether_extension:netherite_gear"
"Farmer's Delight","farmersdelight:skillet",11954,"Skillet","resourcefulbees:valid_apiary"
"Immersive Engineering","immersiveengineering:armor_faraday_chest",4795,"Faraday Chestplate",""
"Immersive Engineering","immersiveengineering:armor_faraday_feet",4793,"Faraday Boots",""
"Immersive Engineering","immersiveengineering:armor_faraday_head",4796,"Faraday Helmet",""
"Immersive Engineering","immersiveengineering:armor_faraday_legs",4794,"Faraday Leggings",""
"Immersive Engineering","immersiveengineering:armor_steel_chest",4697,"Steel Chestplate",""
"Immersive Engineering","immersiveengineering:armor_steel_feet",4695,"Steel Boots",""
"Immersive Engineering","immersiveengineering:armor_steel_head",4698,"Steel Helmet",""
"Immersive Engineering","immersiveengineering:armor_steel_legs",4696,"Steel Leggings",""
"Immersive Engineering","immersiveengineering:axe_steel",4692,"Steel Axe",""
"Immersive Engineering","immersiveengineering:hammer",4685,"Engineer's Hammer",""
"Immersive Engineering","immersiveengineering:hoe_steel",4693,"Steel Hoe",""
"Immersive Engineering","immersiveengineering:maintenance_kit",4800,"Maintenance Kit",""
"Immersive Engineering","immersiveengineering:pickaxe_steel",4690,"Steel Pickaxe",""
"Immersive Engineering","immersiveengineering:rockcutter",4756,"Rockcutter Blade",""
"Immersive Engineering","immersiveengineering:sawblade",4755,"Sawblade","forge:sawblades"
"Immersive Engineering","immersiveengineering:shield",4798,"Heavy Plated Shield",""
"Immersive Engineering","immersiveengineering:shovel_steel",4691,"Steel Shovel",""
"Immersive Engineering","immersiveengineering:survey_tools",4757,"Mineral Survey Tools",""
"Immersive Engineering","immersiveengineering:sword_steel",4694,"Steel Sword",""
"Immersive Engineering","immersiveengineering:wirecutter",4686,"Engineer's Wire Cutters",""
"Infernal Expansion","infernalexp:blindsight_tongue_whip",1351,"Blindsight Tongue Whip",""
"Infernal Expansion","infernalexp:glowsilk_bow",1350,"Glowsilk Bow",""
"IntegratedTunnels","integratedtunnels:dummy_pickaxe",13607,"item.integratedtunnels.dummy_pickaxe",""
"Jellyfishing","jellyfishing:air_suit_boots",3740,"Air Suit Boots",""
"Jellyfishing","jellyfishing:air_suit_chestplate",3738,"Air Suit Chestplate",""
"Jellyfishing","jellyfishing:air_suit_helmet",3737,"Air Suit Helmet",""
"Jellyfishing","jellyfishing:air_suit_leggings",3739,"Air Suit Leggings",""
"Jellyfishing","jellyfishing:bubble_wand",3710,"Bubble Wand","resourcefulbees:valid_apiary"
"Jellyfishing","jellyfishing:golden_spatula",3733,"Golden Spatula","minecraft:piglin_loved"
"Jellyfishing","jellyfishing:jellyfish_net",3709,"Jellyfish Net",""
"Jellyfishing","jellyfishing:karate_glove",3734,"Karate Glove",""
"Jellyfishing","jellyfishing:kelp_mustache",3728,"Kelp Mustache",""
"Jellyfishing","jellyfishing:master_karate_glove",3735,"Master Karate Glove",""
"Jellyfishing","jellyfishing:power_karate_glove",3736,"Power Karate Glove",""
"Jellyfishing","jellyfishing:spatula",3732,"Spatula",""
"Minecraft","minecraft:bow",574,"Bow",""
"Minecraft","minecraft:carrot_on_a_stick",842,"Carrot on a Stick",""
"Minecraft","minecraft:chainmail_boots",629,"Chainmail Boots",""
"Minecraft","minecraft:chainmail_chestplate",627,"Chainmail Chestplate","forge:chestplate"
"Minecraft","minecraft:chainmail_helmet",626,"Chainmail Helmet",""
"Minecraft","minecraft:chainmail_leggings",628,"Chainmail Leggings",""
"Minecraft","minecraft:crossbow",926,"Crossbow",""
"Minecraft","minecraft:diamond_axe",606,"Diamond Axe","forge:axes, forge:tools, forge:tools/axes, forge:tools/diamond"
"Minecraft","minecraft:diamond_boots",637,"Diamond Boots","forge:armor/diamond"
"Minecraft","minecraft:diamond_chestplate",635,"Diamond Chestplate","forge:armor/diamond, forge:chestplate"
"Minecraft","minecraft:diamond_helmet",634,"Diamond Helmet","forge:armor/diamond"
"Minecraft","minecraft:diamond_hoe",607,"Diamond Hoe","forge:hoes"
"Minecraft","minecraft:diamond_leggings",636,"Diamond Leggings","forge:armor/diamond"
"Minecraft","minecraft:diamond_pickaxe",605,"Diamond Pickaxe","forge:pickaxes, forge:tools, forge:tools/diamond, forge:tools/pickaxes"
"Minecraft","minecraft:diamond_shovel",604,"Diamond Shovel","forge:shovels, forge:tools, forge:tools/diamond, forge:tools/shovels"
"Minecraft","minecraft:diamond_sword",603,"Diamond Sword","forge:swords, forge:tools/diamond"
"Minecraft","minecraft:elytra",898,"Elytra","forge:chestplate, forge:elytra"
"Minecraft","minecraft:fishing_rod",684,"Fishing Rod",""
"Minecraft","minecraft:flint_and_steel",572,"Flint and Steel","supplementaries:fire_sources"
"Minecraft","minecraft:golden_axe",596,"Golden Axe","forge:axes, forge:tools, forge:tools/axes, forge:tools/gold, minecraft:piglin_loved"
"Minecraft","minecraft:golden_boots",641,"Golden Boots","forge:armor/gold, minecraft:piglin_loved"
"Minecraft","minecraft:golden_chestplate",639,"Golden Chestplate","forge:armor/gold, forge:chestplate, minecraft:piglin_loved"
"Minecraft","minecraft:golden_helmet",638,"Golden Helmet","forge:armor/gold, minecraft:piglin_loved"
"Minecraft","minecraft:golden_hoe",597,"Golden Hoe","forge:hoes, minecraft:piglin_loved"
"Minecraft","minecraft:golden_leggings",640,"Golden Leggings","forge:armor/gold, minecraft:piglin_loved"
"Minecraft","minecraft:golden_pickaxe",595,"Golden Pickaxe","forge:pickaxes, forge:tools, forge:tools/gold, forge:tools/pickaxes, minecraft:piglin_loved"
"Minecraft","minecraft:golden_shovel",594,"Golden Shovel","forge:shovels, forge:tools, forge:tools/gold, forge:tools/shovels, minecraft:piglin_loved"
"Minecraft","minecraft:golden_sword",593,"Golden Sword","forge:swords, forge:tools/gold, minecraft:piglin_loved"
"Minecraft","minecraft:iron_axe",601,"Iron Axe","forge:axes, forge:tools, forge:tools/axes, forge:tools/iron"
"Minecraft","minecraft:iron_boots",633,"Iron Boots","forge:armor/iron"
"Minecraft","minecraft:iron_chestplate",631,"Iron Chestplate","forge:armor/iron, forge:chestplate"
"Minecraft","minecraft:iron_helmet",630,"Iron Helmet","forge:armor/iron"
"Minecraft","minecraft:iron_hoe",602,"Iron Hoe","forge:hoes"
"Minecraft","minecraft:iron_leggings",632,"Iron Leggings","forge:armor/iron"
"Minecraft","minecraft:iron_pickaxe",600,"Iron Pickaxe","forge:pickaxes, forge:tools, forge:tools/iron, forge:tools/pickaxes"
"Minecraft","minecraft:iron_shovel",599,"Iron Shovel","forge:shovels, forge:tools, forge:tools/iron, forge:tools/shovels"
"Minecraft","minecraft:iron_sword",598,"Iron Sword","forge:swords, forge:tools/iron"
"Minecraft","minecraft:leather_boots",625,"Leather Boots",""
"Minecraft","minecraft:leather_chestplate",623,"Leather Tunic","forge:chestplate"
"Minecraft","minecraft:leather_helmet",622,"Leather Cap",""
"Minecraft","minecraft:leather_leggings",624,"Leather Pants",""
"Minecraft","minecraft:netherite_axe",611,"Netherite Axe","forge:axes, forge:tools, forge:tools/axes"
"Minecraft","minecraft:netherite_boots",645,"Netherite Boots",""
"Minecraft","minecraft:netherite_chestplate",643,"Netherite Chestplate","forge:chestplate"
"Minecraft","minecraft:netherite_helmet",642,"Netherite Helmet",""
"Minecraft","minecraft:netherite_hoe",612,"Netherite Hoe","forge:hoes"
"Minecraft","minecraft:netherite_leggings",644,"Netherite Leggings",""
"Minecraft","minecraft:netherite_pickaxe",610,"Netherite Pickaxe","forge:pickaxes, forge:tools, forge:tools/pickaxes"
"Minecraft","minecraft:netherite_shovel",609,"Netherite Shovel","forge:shovels, forge:tools, forge:tools/shovels"
"Minecraft","minecraft:netherite_sword",608,"Netherite Sword","forge:swords"
"Minecraft","minecraft:shears",734,"Shears","forge:shears, forge:tools/iron"
"Minecraft","minecraft:shield",897,"Shield","farmersdelight:offhand_equipment, ftbchunks:right_click_whitelist"
"Minecraft","minecraft:shulker_shell",905,"Shulker Shell",""
"Minecraft","minecraft:stone_axe",591,"Stone Axe","forge:axes, forge:tools, forge:tools/axes"
"Minecraft","minecraft:stone_hoe",592,"Stone Hoe","forge:hoes"
"Minecraft","minecraft:stone_pickaxe",590,"Stone Pickaxe","forge:pickaxes, forge:tools, forge:tools/pickaxes"
"Minecraft","minecraft:stone_shovel",589,"Stone Shovel","forge:shovels, forge:tools, forge:tools/shovels"
"Minecraft","minecraft:stone_sword",588,"Stone Sword","forge:swords"
"Minecraft","minecraft:trident",922,"Trident","supplementaries:pedestal_downright"
"Minecraft","minecraft:turtle_helmet",570,"Turtle Shell",""
"Minecraft","minecraft:warped_fungus_on_a_stick",843,"Warped Fungus on a Stick","autumnity:snail_temptation_items"
"Minecraft","minecraft:wooden_axe",586,"Wooden Axe","forge:axes, forge:tools, forge:tools/axes"
"Minecraft","minecraft:wooden_hoe",587,"Wooden Hoe","forge:hoes"
"Minecraft","minecraft:wooden_pickaxe",585,"Wooden Pickaxe","forge:pickaxes, forge:tools, forge:tools/pickaxes"
"Minecraft","minecraft:wooden_shovel",584,"Wooden Shovel","forge:shovels, forge:tools, forge:tools/shovels"
"Minecraft","minecraft:wooden_sword",583,"Wooden Sword","forge:swords, supplementaries:pedestal_upright"
"Oh The Biomes You'll Go","byg:ametrine_boots",7161,"Ametrine Boots","fabric:boots, forge:boots"
"Oh The Biomes You'll Go","byg:ametrine_chestplate",7159,"Ametrine Chestplate","fabric:chestplates, forge:chestplates"
"Oh The Biomes You'll Go","byg:ametrine_helmet",7158,"Ametrine Helmet","fabric:helmets, forge:helmets"
"Oh The Biomes You'll Go","byg:ametrine_leggings",7160,"Ametrine Leggings","fabric:leggings, forge:leggings"
"Oh The Biomes You'll Go","byg:pendorite_axe",7169,"Pendorite Axe","fabric:axes, forge:axes"
"Oh The Biomes You'll Go","byg:pendorite_battleaxe",7172,"Pendorite Battleaxe","fabric:axes, fabric:swords, forge:axes, forge:swords"
"Oh The Biomes You'll Go","byg:pendorite_hoe",7174,"Pendorite Hoe","fabric:hoes, forge:hoes"
"Oh The Biomes You'll Go","byg:pendorite_pickaxe",7170,"Pendorite Pickaxe","fabric:pickaxes, forge:pickaxes"
"Oh The Biomes You'll Go","byg:pendorite_shovel",7173,"Pendorite Shovel","fabric:shovels, forge:shovels"
"Oh The Biomes You'll Go","byg:pendorite_sword",7171,"Pendorite Sword","fabric:swords, forge:swords"
"Resourceful Bees","resourcefulbees:smoker",12114,"Bee Smoker",""
"Savage & Ravage","savageandravage:cleaver_of_beheading",14929,"Cleaver of Beheading",""
"Savage & Ravage","savageandravage:griefer_boots",14927,"Griefer Boots","minecraft:piglin_loved, savageandravage:blast_proof_items"
"Savage & Ravage","savageandravage:griefer_chestplate",14925,"Griefer Chestplate","minecraft:piglin_loved, savageandravage:blast_proof_items"
"Savage & Ravage","savageandravage:griefer_helmet",14924,"Griefer Helmet","minecraft:piglin_loved, savageandravage:blast_proof_items"
"Savage & Ravage","savageandravage:griefer_leggings",14926,"Griefer Leggings","minecraft:piglin_loved, savageandravage:blast_proof_items"
"Savage & Ravage","savageandravage:wand_of_freezing",14928,"Wand of Freezing",""
"Silent Gear","silentgear:axe",3561,"Axe","forge:axes"
"Silent Gear","silentgear:boots",3579,"Boots","forge:boots"
"Silent Gear","silentgear:bow",3571,"Bow","forge:bows"
"Silent Gear","silentgear:chestplate",3577,"Chestplate","forge:chestplates"
"Silent Gear","silentgear:crossbow",3572,"Crossbow","forge:crossbows"
"Silent Gear","silentgear:dagger",3558,"Dagger","forge:knives, forge:swords, forge:tools, forge:tools/knives"
"Silent Gear","silentgear:elytra",3580,"Elytra","curios:back, forge:elytra"
"Silent Gear","silentgear:excavator",3564,"Excavator","forge:shovels"
"Silent Gear","silentgear:fishing_rod",3570,"Fishing Rod",""
"Silent Gear","silentgear:hammer",3563,"Hammer","forge:hammers, forge:pickaxes"
"Silent Gear","silentgear:helmet",3576,"Helmet","forge:helmets"
"Silent Gear","silentgear:katana",3554,"Katana","forge:swords"
"Silent Gear","silentgear:knife",3557,"Knife","forge:knives, forge:tools, forge:tools/knives"
"Silent Gear","silentgear:leggings",3578,"Leggings","forge:leggings"
"Silent Gear","silentgear:machete",3555,"Machete","forge:axes, forge:swords"
"Silent Gear","silentgear:mattock",3567,"Mattock","forge:axes, forge:hoes, forge:shovels"
"Silent Gear","silentgear:paxel",3562,"Paxel","forge:axes, forge:pickaxes, forge:shovels"
"Silent Gear","silentgear:pickaxe",3559,"Pickaxe","forge:pickaxes"
"Silent Gear","silentgear:prospector_hammer",3566,"Prospector Hammer","forge:hammers"
"Silent Gear","silentgear:saw",3565,"Saw","forge:axes, forge:saws"
"Silent Gear","silentgear:shears",3569,"Shears","forge:shears"
"Silent Gear","silentgear:shield",3574,"Shield","forge:shields"
"Silent Gear","silentgear:shovel",3560,"Shovel","forge:shovels"
"Silent Gear","silentgear:sickle",3568,"Sickle","forge:sickles"
"Silent Gear","silentgear:slingshot",3573,"Slingshot",""
"Silent Gear","silentgear:spear",3556,"Spear",""
"Silent Gear","silentgear:sword",3553,"Sword","forge:swords"
"Silent's Gems 3","silentgems:chaos_potato",17728,"Chaos Potato","silentgems:chaos_orbs"
"Silent's Gems 3","silentgems:fragile_chaos_orb",17729,"Fragile Chaos Orb","silentgems:chaos_orbs"
"Silent's Gems 3","silentgems:perfect_chaos_orb",17731,"Perfect Chaos Orb","silentgems:chaos_orbs"
"Silent's Gems 3","silentgems:refined_chaos_orb",17730,"Refined Chaos Orb","silentgems:chaos_orbs"
"Super Multi-Drills","supermultidrills:drill",3638,"Drill",""
"Supplementaries","supplementaries:bamboo_spikes_tipped",1947,"Tipped Bamboo Spikes","resourcefulbees:valid_apiary"
"Supplementaries","supplementaries:flute",1920,"Flute",""
"Supplementaries","supplementaries:rope_arrow",1549,"Rope Arrow","minecraft:arrows"
"Supplementaries","supplementaries:slingshot",1553,"Slingshot",""
"The Afterlight","the_afterlight:crystillium_armor_boots",8697,"Crystillium Boots",""
"The Afterlight","the_afterlight:crystillium_armor_chestplate",8695,"Crystillium Chestplate",""
"The Afterlight","the_afterlight:crystillium_armor_helmet",8694,"Crystillium Helmet",""
"The Afterlight","the_afterlight:crystillium_armor_leggings",8696,"Crystillium Leggings",""
"The Afterlight","the_afterlight:crystillium_axe",8692,"Crystillium Axe",""
"The Afterlight","the_afterlight:crystillium_pickaxe",8691,"Crystillium Pickaxe",""
"The Afterlight","the_afterlight:crystillium_shovel",8693,"Crystillium Shovel",""
"The Afterlight","the_afterlight:crystillium_sword",8690,"Crystillium Sword",""
"The Afterlight","the_afterlight:elemental_amulet",8677,"Elemental Amulet",""
"The Afterlight","the_afterlight:living_star",8664,"Living Star",""
"The Afterlight","the_afterlight:lunarite_armor_boots",8706,"Lunarite Boots",""
"The Afterlight","the_afterlight:lunarite_armor_chestplate",8704,"Lunarite Breastplate",""
"The Afterlight","the_afterlight:lunarite_armor_helmet",8703,"Lunarite Helm",""
"The Afterlight","the_afterlight:lunarite_armor_leggings",8705,"Lunarite Leggings",""
"The Afterlight","the_afterlight:lunarite_axe",8700,"Lunarite Axe",""
"The Afterlight","the_afterlight:lunarite_hoe",8702,"Lunarite Hoe",""
"The Afterlight","the_afterlight:lunarite_pickaxe",8699,"Lunarite Pickaxe",""
"The Afterlight","the_afterlight:lunarite_shovel",8701,"Lunarite Shovel",""
"The Afterlight","the_afterlight:lunarite_sword",8698,"Lunarite Sword",""
"The Afterlight","the_afterlight:moon_blade",8680,"§9Moon Blade",""
"The Afterlight","the_afterlight:moonsteel_armor_boots",8689,"Moonsteel Boots",""
"The Afterlight","the_afterlight:moonsteel_armor_chestplate",8687,"Moonsteel Chestguard",""
"The Afterlight","the_afterlight:moonsteel_armor_helmet",8686,"Moonsteel Helm",""
"The Afterlight","the_afterlight:moonsteel_armor_leggings",8688,"Moonsteel Leggings",""
"The Afterlight","the_afterlight:moonsteel_axe",8683,"§eMoonsteel Axe",""
"The Afterlight","the_afterlight:moonsteel_hoe",8685,"§eMoonsteel Hoe",""
"The Afterlight","the_afterlight:moonsteel_pickaxe",8682,"§eMoonsteel Pickaxe",""
"The Afterlight","the_afterlight:moonsteel_shovel",8684,"§eMoonsteel Shovel",""
"The Afterlight","the_afterlight:moonsteel_sword",8681,"§eMoonsteel Sword",""
"The Afterlight","the_afterlight:mundane_crushing_hammer",8678,"Mundane Hammer",""
"The Afterlight","the_afterlight:the_afterlight",8555,"Staff Of Moonlight",""
"The Endergetic Expansion","endergetic:booflo_vest",14899,"Booflo Vest",""
"The One Probe","theoneprobe:diamond_helmet_probe",4397,"Diamond Helmet with Probe",""
"The One Probe","theoneprobe:gold_helmet_probe",4398,"Golden Helmet with Probe",""
"The One Probe","theoneprobe:iron_helmet_probe",4399,"Iron Helmet with Probe",""
"Thermal Series","thermal:beekeeper_boots",9228,"Beekeeper's Boots",""
"Thermal Series","thermal:beekeeper_chestplate",9226,"Beekeeper's Jacket",""
"Thermal Series","thermal:beekeeper_helmet",9225,"Beekeeper's Hood",""
"Thermal Series","thermal:beekeeper_leggings",9227,"Beekeeper's Pants",""
"Thermal Series","thermal:diving_boots",9232,"Diving Flippers",""
"Thermal Series","thermal:diving_chestplate",9230,"Diving Suit",""
"Thermal Series","thermal:diving_helmet",9229,"Diving Helmet",""
"Thermal Series","thermal:diving_leggings",9231,"Diving Leggings",""
"Thermal Series","thermal:hazmat_boots",9236,"Hazmat Boots",""
"Thermal Series","thermal:hazmat_chestplate",9234,"Hazmat Suit",""
"Thermal Series","thermal:hazmat_helmet",9233,"Hazmat Helmet",""
"Thermal Series","thermal:hazmat_leggings",9235,"Hazmat Pants",""
"Upgraded Netherite","upgradednetherite:corrupt_upgraded_netherite_axe",3025,"Corrupterite Axe",""
"Upgraded Netherite","upgradednetherite:corrupt_upgraded_netherite_boots",3078,"Corrupterite Boots",""
"Upgraded Netherite","upgradednetherite:corrupt_upgraded_netherite_bow",3026,"Corrupterite Bow",""
"Upgraded Netherite","upgradednetherite:corrupt_upgraded_netherite_chestplate",3076,"Corrupterite Chestplate",""
"Upgraded Netherite","upgradednetherite:corrupt_upgraded_netherite_crossbow",3027,"Corrupterite Crossbow",""
"Upgraded Netherite","upgradednetherite:corrupt_upgraded_netherite_helmet",3075,"Corrupterite Helmet",""
"Upgraded Netherite","upgradednetherite:corrupt_upgraded_netherite_leggings",3077,"Corrupterite Leggings",""
"Upgraded Netherite","upgradednetherite:corrupt_upgraded_netherite_pickaxe",3023,"Corrupterite Pickaxe",""
"Upgraded Netherite","upgradednetherite:corrupt_upgraded_netherite_shield",3038,"Corrupterite Shield",""
"Upgraded Netherite","upgradednetherite:corrupt_upgraded_netherite_shovel",3024,"Corrupterite Shovel",""
"Upgraded Netherite","upgradednetherite:corrupt_upgraded_netherite_sword",3022,"Corrupterite Sword",""
"Upgraded Netherite","upgradednetherite:ender_upgraded_netherite_axe",2987,"Enderite Axe",""
"Upgraded Netherite","upgradednetherite:ender_upgraded_netherite_boots",3050,"Enderite Boots",""
"Upgraded Netherite","upgradednetherite:ender_upgraded_netherite_bow",2988,"Enderite Bow",""
"Upgraded Netherite","upgradednetherite:ender_upgraded_netherite_chestplate",3048,"Enderite Chestplate",""
"Upgraded Netherite","upgradednetherite:ender_upgraded_netherite_crossbow",2989,"Enderite Crossbow",""
"Upgraded Netherite","upgradednetherite:ender_upgraded_netherite_helmet",3047,"Enderite Helmet",""
"Upgraded Netherite","upgradednetherite:ender_upgraded_netherite_leggings",3049,"Enderite Leggings",""
"Upgraded Netherite","upgradednetherite:ender_upgraded_netherite_pickaxe",2985,"Enderite Pickaxe",""
"Upgraded Netherite","upgradednetherite:ender_upgraded_netherite_shield",3031,"Enderite Shield",""
"Upgraded Netherite","upgradednetherite:ender_upgraded_netherite_shovel",2986,"Enderite Shovel",""
"Upgraded Netherite","upgradednetherite:ender_upgraded_netherite_sword",2984,"Enderite Sword",""
"Upgraded Netherite","upgradednetherite:feather_upgraded_netherite_axe",3013,"Featherite Axe",""
"Upgraded Netherite","upgradednetherite:feather_upgraded_netherite_boots",3070,"Featherite Boots",""
"Upgraded Netherite","upgradednetherite:feather_upgraded_netherite_bow",3014,"Featherite Bow",""
"Upgraded Netherite","upgradednetherite:feather_upgraded_netherite_chestplate",3068,"Featherite Chestplate",""
"Upgraded Netherite","upgradednetherite:feather_upgraded_netherite_crossbow",3015,"Featherite Crossbow",""
"Upgraded Netherite","upgradednetherite:feather_upgraded_netherite_helmet",3067,"Featherite Helmet",""
"Upgraded Netherite","upgradednetherite:feather_upgraded_netherite_leggings",3069,"Featherite Leggings",""
"Upgraded Netherite","upgradednetherite:feather_upgraded_netherite_pickaxe",3011,"Featherite Pickaxe",""
"Upgraded Netherite","upgradednetherite:feather_upgraded_netherite_shield",3036,"Featherite Shield",""
"Upgraded Netherite","upgradednetherite:feather_upgraded_netherite_shovel",3012,"Featherite Shovel",""
"Upgraded Netherite","upgradednetherite:feather_upgraded_netherite_sword",3010,"Featherite Sword",""
"Upgraded Netherite","upgradednetherite:fire_upgraded_netherite_axe",2981,"Blazerite Axe",""
"Upgraded Netherite","upgradednetherite:fire_upgraded_netherite_boots",3046,"Blazerite Boots",""
"Upgraded Netherite","upgradednetherite:fire_upgraded_netherite_bow",2982,"Blazerite Bow",""
"Upgraded Netherite","upgradednetherite:fire_upgraded_netherite_chestplate",3044,"Blazerite Chestplate",""
"Upgraded Netherite","upgradednetherite:fire_upgraded_netherite_crossbow",2983,"Blazerite Crossbow",""
"Upgraded Netherite","upgradednetherite:fire_upgraded_netherite_helmet",3043,"Blazerite Helmet",""
"Upgraded Netherite","upgradednetherite:fire_upgraded_netherite_leggings",3045,"Blazerite Leggings",""
"Upgraded Netherite","upgradednetherite:fire_upgraded_netherite_pickaxe",2979,"Blazerite Pickaxe",""
"Upgraded Netherite","upgradednetherite:fire_upgraded_netherite_shield",3030,"Blazerite Shield",""
"Upgraded Netherite","upgradednetherite:fire_upgraded_netherite_shovel",2980,"Blazerite Shovel",""
"Upgraded Netherite","upgradednetherite:fire_upgraded_netherite_sword",2978,"Blazerite Sword",""
"Upgraded Netherite","upgradednetherite:gold_upgraded_netherite_axe",2975,"Golderite Axe","minecraft:piglin_loved"
"Upgraded Netherite","upgradednetherite:gold_upgraded_netherite_boots",3042,"Golderite Boots","minecraft:piglin_loved"
"Upgraded Netherite","upgradednetherite:gold_upgraded_netherite_bow",2976,"Golderite Bow",""
"Upgraded Netherite","upgradednetherite:gold_upgraded_netherite_chestplate",3040,"Golderite Chestplate","minecraft:piglin_loved"
"Upgraded Netherite","upgradednetherite:gold_upgraded_netherite_crossbow",2977,"Golderite Crossbow",""
"Upgraded Netherite","upgradednetherite:gold_upgraded_netherite_helmet",3039,"Golderite Helmet","minecraft:piglin_loved"
"Upgraded Netherite","upgradednetherite:gold_upgraded_netherite_leggings",3041,"Golderite Leggings","minecraft:piglin_loved"
"Upgraded Netherite","upgradednetherite:gold_upgraded_netherite_pickaxe",2973,"Golderite Pickaxe","minecraft:piglin_loved"
"Upgraded Netherite","upgradednetherite:gold_upgraded_netherite_shield",3029,"Golderite Shield",""
"Upgraded Netherite","upgradednetherite:gold_upgraded_netherite_shovel",2974,"Golderite Shovel","minecraft:piglin_loved"
"Upgraded Netherite","upgradednetherite:gold_upgraded_netherite_sword",2972,"Golderite Sword","minecraft:piglin_loved"
"Upgraded Netherite","upgradednetherite:netherite_bow",2970,"Netherite Bow",""
"Upgraded Netherite","upgradednetherite:netherite_crossbow",2971,"Netherite Crossbow",""
"Upgraded Netherite","upgradednetherite:netherite_shield",3028,"Netherite Shield",""
"Upgraded Netherite","upgradednetherite:phantom_upgraded_netherite_axe",3007,"Phanterite Axe",""
"Upgraded Netherite","upgradednetherite:phantom_upgraded_netherite_boots",3066,"Phanterite Boots",""
"Upgraded Netherite","upgradednetherite:phantom_upgraded_netherite_bow",3008,"Phanterite Bow",""
"Upgraded Netherite","upgradednetherite:phantom_upgraded_netherite_chestplate",3064,"Phanterite Chestplate",""
"Upgraded Netherite","upgradednetherite:phantom_upgraded_netherite_crossbow",3009,"Phanterite Crossbow",""
"Upgraded Netherite","upgradednetherite:phantom_upgraded_netherite_helmet",3063,"Phanterite Helmet",""
"Upgraded Netherite","upgradednetherite:phantom_upgraded_netherite_leggings",3065,"Phanterite Leggings",""
"Upgraded Netherite","upgradednetherite:phantom_upgraded_netherite_pickaxe",3005,"Phanterite Pickaxe",""
"Upgraded Netherite","upgradednetherite:phantom_upgraded_netherite_shield",3035,"Phanterite Shield",""
"Upgraded Netherite","upgradednetherite:phantom_upgraded_netherite_shovel",3006,"Phanterite Shovel",""
"Upgraded Netherite","upgradednetherite:phantom_upgraded_netherite_sword",3004,"Phanterite Sword",""
"Upgraded Netherite","upgradednetherite:poison_upgraded_netherite_axe",3001,"Spiderite Axe",""
"Upgraded Netherite","upgradednetherite:poison_upgraded_netherite_boots",3062,"Spiderite Boots",""
"Upgraded Netherite","upgradednetherite:poison_upgraded_netherite_bow",3002,"Spiderite Bow",""
"Upgraded Netherite","upgradednetherite:poison_upgraded_netherite_chestplate",3060,"Spiderite Chestplate",""
"Upgraded Netherite","upgradednetherite:poison_upgraded_netherite_crossbow",3003,"Spiderite Crossbow",""
"Upgraded Netherite","upgradednetherite:poison_upgraded_netherite_helmet",3059,"Spiderite Helmet",""
"Upgraded Netherite","upgradednetherite:poison_upgraded_netherite_leggings",3061,"Spiderite Leggings",""
"Upgraded Netherite","upgradednetherite:poison_upgraded_netherite_shield",3034,"Spiderite Shield",""
"Upgraded Netherite","upgradednetherite:poison_upgraded_netherite_sword",3000,"Spiderite Sword",""
"Upgraded Netherite","upgradednetherite:ultimate_upgraded_netherite_axe",3019,"Ultimerite Axe",""
"Upgraded Netherite","upgradednetherite:ultimate_upgraded_netherite_boots",3074,"Ultimerite Boots",""
"Upgraded Netherite","upgradednetherite:ultimate_upgraded_netherite_bow",3020,"Ultimerite Bow",""
"Upgraded Netherite","upgradednetherite:ultimate_upgraded_netherite_chestplate",3072,"Ultimerite Chestplate",""
"Upgraded Netherite","upgradednetherite:ultimate_upgraded_netherite_crossbow",3021,"Ultimerite Crossbow",""
"Upgraded Netherite","upgradednetherite:ultimate_upgraded_netherite_helmet",3071,"Ultimerite Helmet",""
"Upgraded Netherite","upgradednetherite:ultimate_upgraded_netherite_leggings",3073,"Ultimerite Leggings",""
"Upgraded Netherite","upgradednetherite:ultimate_upgraded_netherite_pickaxe",3017,"Ultimerite Pickaxe",""
"Upgraded Netherite","upgradednetherite:ultimate_upgraded_netherite_shield",3037,"Ultimerite Shield",""
"Upgraded Netherite","upgradednetherite:ultimate_upgraded_netherite_shovel",3018,"Ultimerite Shovel",""
"Upgraded Netherite","upgradednetherite:ultimate_upgraded_netherite_sword",3016,"Ultimerite Sword",""
"Upgraded Netherite","upgradednetherite:water_upgraded_netherite_axe",2993,"Prismarite Axe",""
"Upgraded Netherite","upgradednetherite:water_upgraded_netherite_boots",3054,"Prismarite Boots",""
"Upgraded Netherite","upgradednetherite:water_upgraded_netherite_bow",2994,"Prismarite Bow",""
"Upgraded Netherite","upgradednetherite:water_upgraded_netherite_chestplate",3052,"Prismarite Chestplate",""
"Upgraded Netherite","upgradednetherite:water_upgraded_netherite_crossbow",2995,"Prismarite Crossbow",""
"Upgraded Netherite","upgradednetherite:water_upgraded_netherite_helmet",3051,"Prismarite Helmet",""
"Upgraded Netherite","upgradednetherite:water_upgraded_netherite_leggings",3053,"Prismarite Leggings",""
"Upgraded Netherite","upgradednetherite:water_upgraded_netherite_pickaxe",2991,"Prismarite Pickaxe",""
"Upgraded Netherite","upgradednetherite:water_upgraded_netherite_shield",3032,"Prismarite Shield",""
"Upgraded Netherite","upgradednetherite:water_upgraded_netherite_shovel",2992,"Prismarite Shovel",""
"Upgraded Netherite","upgradednetherite:water_upgraded_netherite_sword",2990,"Prismarite Sword",""
"Upgraded Netherite","upgradednetherite:wither_upgraded_netherite_axe",2997,"Witherite Axe",""
"Upgraded Netherite","upgradednetherite:wither_upgraded_netherite_boots",3058,"Witherite Boots",""
"Upgraded Netherite","upgradednetherite:wither_upgraded_netherite_bow",2998,"Witherite Bow",""
"Upgraded Netherite","upgradednetherite:wither_upgraded_netherite_chestplate",3056,"Witherite Chestplate",""
"Upgraded Netherite","upgradednetherite:wither_upgraded_netherite_crossbow",2999,"Witherite Crossbow",""
"Upgraded Netherite","upgradednetherite:wither_upgraded_netherite_helmet",3055,"Witherite Helmet",""
"Upgraded Netherite","upgradednetherite:wither_upgraded_netherite_leggings",3057,"Witherite Leggings",""
"Upgraded Netherite","upgradednetherite:wither_upgraded_netherite_shield",3033,"Witherite Shield",""
"Upgraded Netherite","upgradednetherite:wither_upgraded_netherite_sword",2996,"Witherite Sword",""
"Vampirism","vampirism:amulet",7081,"Amulet",""
"Vampirism","vampirism:armor_of_swiftness_chest_enhanced",7011,"Chestplate of Swiftness",""
"Vampirism","vampirism:armor_of_swiftness_chest_normal",7007,"Chestplate of Swiftness",""
"Vampirism","vampirism:armor_of_swiftness_chest_ultimate",7015,"Chestplate of Swiftness",""
"Vampirism","vampirism:armor_of_swiftness_feet_enhanced",7013,"Boots of Swiftness",""
"Vampirism","vampirism:armor_of_swiftness_feet_normal",7009,"Boots of Swiftness",""
"Vampirism","vampirism:armor_of_swiftness_feet_ultimate",7017,"Boots of Swiftness",""
"Vampirism","vampirism:armor_of_swiftness_head_enhanced",7010,"Helmet of Swiftness",""
"Vampirism","vampirism:armor_of_swiftness_head_normal",7006,"Helmet of Swiftness",""
"Vampirism","vampirism:armor_of_swiftness_head_ultimate",7014,"Helmet of Swiftness",""
"Vampirism","vampirism:armor_of_swiftness_legs_enhanced",7012,"Leggings of Swiftness",""
"Vampirism","vampirism:armor_of_swiftness_legs_normal",7008,"Leggings of Swiftness",""
"Vampirism","vampirism:armor_of_swiftness_legs_ultimate",7016,"Leggings of Swiftness",""
"Vampirism","vampirism:basic_crossbow",6980,"Basic Crossbow",""
"Vampirism","vampirism:basic_double_crossbow",6981,"Double Crossbow",""
"Vampirism","vampirism:basic_tech_crossbow",6989,"Semi-Auto Crossbow",""
"Vampirism","vampirism:blood_bottle",6955,"Blood Bottle",""
"Vampirism","vampirism:enhanced_crossbow",6982,"Enhanced Crossbow",""
"Vampirism","vampirism:enhanced_double_crossbow",6983,"Enhanced Double Crossbow",""
"Vampirism","vampirism:enhanced_tech_crossbow",6990,"Enhanced Semi-Auto Crossbow",""
"Vampirism","vampirism:heart_seeker_enhanced",7049,"Heartseeker",""
"Vampirism","vampirism:heart_seeker_normal",7047,"Heartseeker",""
"Vampirism","vampirism:heart_seeker_ultimate",7051,"Heartseeker",""
"Vampirism","vampirism:heart_striker_enhanced",7050,"Heartstriker",""
"Vampirism","vampirism:heart_striker_normal",7048,"Heartstriker",""
"Vampirism","vampirism:heart_striker_ultimate",7052,"Heartstriker",""
"Vampirism","vampirism:hunter_axe_enhanced",7021,"Hunter Axe",""
"Vampirism","vampirism:hunter_axe_normal",7020,"Hunter Axe",""
"Vampirism","vampirism:hunter_axe_ultimate",7022,"Hunter Axe",""
"Vampirism","vampirism:hunter_coat_chest_enhanced",7028,"Hunter Coat",""
"Vampirism","vampirism:hunter_coat_chest_normal",7024,"Hunter Coat",""
"Vampirism","vampirism:hunter_coat_chest_ultimate",7032,"Hunter Coat",""
"Vampirism","vampirism:hunter_coat_feet_enhanced",7030,"Hunter Coat Boots",""
"Vampirism","vampirism:hunter_coat_feet_normal",7026,"Hunter Coat Boots",""
"Vampirism","vampirism:hunter_coat_feet_ultimate",7034,"Hunter Coat Boots",""
"Vampirism","vampirism:hunter_coat_head_enhanced",7027,"Hunter Coat Helmet",""
"Vampirism","vampirism:hunter_coat_head_normal",7023,"Hunter Coat Helmet",""
"Vampirism","vampirism:hunter_coat_head_ultimate",7031,"Hunter Coat Helmet",""
"Vampirism","vampirism:hunter_coat_legs_enhanced",7029,"Hunter Coat Leggings",""
"Vampirism","vampirism:hunter_coat_legs_normal",7025,"Hunter Coat Leggings",""
"Vampirism","vampirism:hunter_coat_legs_ultimate",7033,"Hunter Coat Leggings",""
"Vampirism","vampirism:hunter_hat_head_0",7018,"Hunter Hat",""
"Vampirism","vampirism:hunter_hat_head_1",7019,"Hunter Hat",""
"Vampirism","vampirism:obi_belt",7083,"Obi Belt",""
"Vampirism","vampirism:obsidian_armor_chest_enhanced",7040,"Obsidian Chestplate of Hell",""
"Vampirism","vampirism:obsidian_armor_chest_normal",7036,"Obsidian Chestplate of Hell",""
"Vampirism","vampirism:obsidian_armor_chest_ultimate",7044,"Obsidian Chestplate of Hell",""
"Vampirism","vampirism:obsidian_armor_feet_enhanced",7042,"Obsidian Boots of Hell",""
"Vampirism","vampirism:obsidian_armor_feet_normal",7038,"Obsidian Boots of Hell",""
"Vampirism","vampirism:obsidian_armor_feet_ultimate",7046,"Obsidian Boots of Hell",""
"Vampirism","vampirism:obsidian_armor_head_enhanced",7039,"Obsidian Helmet of Hell",""
"Vampirism","vampirism:obsidian_armor_head_normal",7035,"Obsidian Helmet of Hell",""
"Vampirism","vampirism:obsidian_armor_head_ultimate",7043,"Obsidian Helmet of Hell",""
"Vampirism","vampirism:obsidian_armor_legs_enhanced",7041,"Obsidian Leggings of Hell",""
"Vampirism","vampirism:obsidian_armor_legs_normal",7037,"Obsidian Leggings of Hell",""
"Vampirism","vampirism:obsidian_armor_legs_ultimate",7045,"Obsidian Leggings of Hell",""
"Vampirism","vampirism:pitchfork",6979,"Pitchfork",""
"Vampirism","vampirism:ring",7082,"Ring",""
"Vampirism","vampirism:stake",6987,"Stake",""
"Vampirism","vampirism:vampire_cloak_black_blue",7057,"Vampire Cloak","vampirism:vampire_cloak"
"Vampirism","vampirism:vampire_cloak_black_red",7058,"Vampire Cloak","vampirism:vampire_cloak"
"Vampirism","vampirism:vampire_cloak_black_white",7059,"Vampire Cloak","vampirism:vampire_cloak"
"Vampirism","vampirism:vampire_cloak_red_black",7056,"Vampire Cloak","vampirism:vampire_cloak"
"Vampirism","vampirism:vampire_cloak_white_black",7060,"Vampire Cloak","vampirism:vampire_cloak"
"Vampirism","vampirism:vampire_clothing_boots",7086,"Boots",""
"Vampirism","vampirism:vampire_clothing_crown",7084,"Crown",""
"Vampirism","vampirism:vampire_clothing_hat",7087,"Hat",""
"Vampirism","vampirism:vampire_clothing_legs",7085,"Pants",""
"Waystones","waystones:warp_stone",16162,"Warp Stone",""
"Whisperwoods","whisperwoods:hirschgeist_skull",6384,"Hirschgeist Skull","betteranimalsplus:feral_wolf_tame_armor, resourcefulbees:valid_apiary"
"Wither Skeleton Tweaks","wstweaks:blaze_blade",1503,"Blazing Immolation Blade",""
"Wither Skeleton Tweaks","wstweaks:lava_blade",1502,"Immolation Blade",""
"Wyrmroost","wyrmroost:blue_geode_axe",8335,"Blue Geode Axe",""
"Wyrmroost","wyrmroost:blue_geode_boots",8341,"Blue Geode Boots",""
"Wyrmroost","wyrmroost:blue_geode_chestplate",8339,"Blue Geode Chestplate",""
"Wyrmroost","wyrmroost:blue_geode_helmet",8338,"Blue Geode Helmet",""
"Wyrmroost","wyrmroost:blue_geode_hoe",8337,"Blue Geode Hoe",""
"Wyrmroost","wyrmroost:blue_geode_leggings",8340,"Blue Geode Leggings",""
"Wyrmroost","wyrmroost:blue_geode_pickaxe",8334,"Blue Geode Pickaxe",""
"Wyrmroost","wyrmroost:blue_geode_shovel",8336,"Blue Geode Shovel",""
"Wyrmroost","wyrmroost:blue_geode_sword",8333,"Blue Geode Sword",""
"Wyrmroost","wyrmroost:drake_boots",8375,"Drake Boots",""
"Wyrmroost","wyrmroost:drake_chestplate",8373,"Drake Chestplate",""
"Wyrmroost","wyrmroost:drake_helmet",8372,"Drake Helmet",""
"Wyrmroost","wyrmroost:drake_leggings",8374,"Drake Leggings",""
"Wyrmroost","wyrmroost:platinum_axe",8365,"Platinum Axe",""
"Wyrmroost","wyrmroost:platinum_boots",8371,"Platinum Boots",""
"Wyrmroost","wyrmroost:platinum_chestplate",8369,"Platinum Chestplate",""
"Wyrmroost","wyrmroost:platinum_helmet",8368,"Platinum Helmet",""
"Wyrmroost","wyrmroost:platinum_hoe",8367,"Platinum Hoe",""
"Wyrmroost","wyrmroost:platinum_leggings",8370,"Platinum Leggings",""
"Wyrmroost","wyrmroost:platinum_pickaxe",8364,"Platinum Pickaxe",""
"Wyrmroost","wyrmroost:platinum_shovel",8366,"Platinum Shovel",""
"Wyrmroost","wyrmroost:platinum_sword",8363,"Platinum Sword",""
"Wyrmroost","wyrmroost:purple_geode_axe",8355,"Purple Geode Axe",""
"Wyrmroost","wyrmroost:purple_geode_boots",8361,"Purple Geode Boots",""
"Wyrmroost","wyrmroost:purple_geode_chestplate",8359,"Purple Geode Chestplate",""
"Wyrmroost","wyrmroost:purple_geode_helmet",8358,"Purple Geode Helmet",""
"Wyrmroost","wyrmroost:purple_geode_hoe",8357,"Purple Geode Hoe",""
"Wyrmroost","wyrmroost:purple_geode_leggings",8360,"Purple Geode Leggings",""
"Wyrmroost","wyrmroost:purple_geode_pickaxe",8354,"Purple Geode Pickaxe",""
"Wyrmroost","wyrmroost:purple_geode_shovel",8356,"Purple Geode Shovel",""
"Wyrmroost","wyrmroost:purple_geode_sword",8353,"Purple Geode Sword",""
"Wyrmroost","wyrmroost:red_geode_axe",8345,"Red Geode Axe",""
"Wyrmroost","wyrmroost:red_geode_boots",8351,"Red Geode Boots",""
"Wyrmroost","wyrmroost:red_geode_chestplate",8349,"Red Geode Chestplate",""
"Wyrmroost","wyrmroost:red_geode_helmet",8348,"Red Geode Helmet",""
"Wyrmroost","wyrmroost:red_geode_hoe",8347,"Red Geode Hoe",""
"Wyrmroost","wyrmroost:red_geode_leggings",8350,"Red Geode Leggings",""
"Wyrmroost","wyrmroost:red_geode_pickaxe",8344,"Red Geode Pickaxe",""
"Wyrmroost","wyrmroost:red_geode_shovel",8346,"Red Geode Shovel",""
"Wyrmroost","wyrmroost:red_geode_sword",8343,"Red Geode Sword",""
